month,rainfall_mm
1985-01,13.114
1985-02,2.598
1985-03,10.519
1985-04,117.900
1985-05,111.573
1985-06,19.458
1985-07,71.986
1985-08,71.739
1985-09,114.758
1985-10,27.740
1985-11,4.032
1985-12,1.574
1986-01,0.149
1986-02,7.760
1986-03,41.871
1986-04,128.290
1986-05,30.726
1986-06,65.902
1986-07,50.534
1986-08,48.232
1986-09,99.981
1986-10,10.843
1986-11,5.250
1986-12,4.377
1987-01,0.867
1987-02,16.500
1987-03,60.540
1987-04,86.337
1987-05,62.185
1987-06,11.891
1987-07,44.035
1987-08,62.229
1987-09,46.088
1987-10,5.860
1987-11,0.109
1987-12,1.287
1988-01,6.348
1988-02,17.699
1988-03,4.287
1988-04,32.267
1988-05,1.891
1988-06,17.769
1988-07,95.882
1988-08,79.097
1988-09,74.306
1988-10,5.901
1988-11,0.018
1988-12,0.658
1989-01,0.931
1989-02,13.234
1989-03,55.616
1989-04,144.609
1989-05,3.773
1989-06,17.536
1989-07,42.660
1989-08,71.968
1989-09,62.007
1989-10,8.014
1989-11,1.958
1989-12,11.550
1990-01,3.948
1990-02,104.512
1990-03,47.892
1990-04,73.574
1990-05,3.460
1990-06,2.905
1990-07,71.713
1990-08,79.889
1990-09,92.750
1990-10,4.592
1990-11,0.245
1990-12,1.084
1991-01,2.272
1991-02,11.817
1991-03,66.130
1991-04,12.911
1991-05,12.288
1991-06,16.283
1991-07,38.556
1991-08,73.252
1991-09,33.262
1991-10,2.865
1991-11,0.374
1991-12,5.916
1992-01,13.143
1992-02,21.379
1992-03,2.747
1992-04,17.601
1992-05,17.684
1992-06,9.267
1992-07,45.900
1992-08,147.585
1992-09,46.038
1992-10,31.156
1992-11,12.092
1992-12,10.001
1993-01,23.881
1993-02,47.208
1993-03,1.464
1993-04,93.857
1993-05,19.110
1993-06,13.977
1993-07,43.527
1993-08,47.823
1993-09,112.534
1993-10,20.528
1993-11,0.798
1993-12,1.479
1994-01,0.126
1994-02,1.701
1994-03,26.644
1994-04,9.805
1994-05,20.787
1994-06,15.287
1994-07,114.351
1994-08,147.787
1994-09,93.986
1994-10,1.088
1994-11,37.301
1994-12,3.596
1995-01,0.027
1995-02,9.731
1995-03,25.460
1995-04,36.619
1995-05,11.384
1995-06,9.369
1995-07,83.805
1995-08,126.899
1995-09,60.277
1995-10,2.240
1995-11,0.028
1995-12,3.721
1996-01,16.102
1996-02,1.725
1996-03,54.795
1996-04,17.960
1996-05,109.789
1996-06,59.640
1996-07,67.910
1996-08,67.793
1996-09,110.465
1996-10,1.685
1996-11,3.998
1996-12,0.036
1997-01,14.303
1997-02,0.521
1997-03,39.729
1997-04,23.859
1997-05,11.308
1997-06,24.289
1997-07,45.629
1997-08,60.389
1997-09,19.831
1997-10,70.463
1997-11,25.342
1997-12,1.262
1998-01,20.909
1998-02,15.874
1998-03,15.877
1998-04,13.921
1998-05,26.269
1998-06,10.944
1998-07,70.021
1998-08,142.449
1998-09,67.809
1998-10,52.946
1998-11,1.520
1998-12,0.053
1999-01,4.358
1999-02,0.249
1999-03,28.713
1999-04,10.094
1999-05,11.485
1999-06,11.719
1999-07,95.900
1999-08,90.412
1999-09,57.194
1999-10,44.453
1999-11,2.286
1999-12,0.065
2000-01,0.163
2000-02,0.039
2000-03,4.917
2000-04,33.729
2000-05,35.606
2000-06,15.269
2000-07,64.087
2000-08,62.191
2000-09,77.593
2000-10,14.082
2000-11,14.218
2000-12,9.995
2001-01,1.778
2001-02,2.778
2001-03,85.771
2001-04,23.683
2001-05,17.056
2001-06,13.626
2001-07,71.221
2001-08,122.634
2001-09,38.905
2001-10,6.198
2001-11,1.131
2001-12,4.584
2002-01,10.123
2002-02,0.672
2002-03,73.536
2002-04,32.670
2002-05,17.699
2002-06,9.307
2002-07,28.646
2002-08,79.328
2002-09,34.123
2002-10,1.547
2002-11,0.067
2002-12,26.758
2003-01,7.986
2003-02,5.208
2003-03,23.793
2003-04,49.289
2003-05,2.171
2003-06,11.109
2003-07,58.138
2003-08,77.135
2003-09,96.317
2003-10,1.230
2003-11,2.183
2003-12,5.506
2004-01,14.928
2004-02,5.810
2004-03,33.054
2004-04,79.861
2004-05,2.583
2004-06,44.855
2004-07,40.597
2004-08,81.282
2004-09,41.719
2004-10,16.368
2004-11,7.490
2004-12,4.612
2005-01,8.464
2005-02,0.842
2005-03,40.312
2005-04,72.065
2005-05,21.221
2005-06,47.611
2005-07,57.226
2005-08,84.549
2005-09,43.015
2005-10,4.185
2005-11,2.435
2005-12,0.036
2006-01,3.086
2006-02,21.835
2006-03,38.364
2006-04,42.740
2006-05,16.916
2006-06,17.659
2006-07,69.618
2006-08,83.108
2006-09,90.457
2006-10,31.605
2006-11,0.942
2006-12,8.432
2007-01,8.747
2007-02,7.623
2007-03,19.437
2007-04,35.361
2007-05,16.905
2007-06,44.859
2007-07,86.995
2007-08,97.034
2007-09,45.236
2007-10,6.347
2007-11,1.667
2007-12,0.197
2008-01,3.076
2008-02,1.075
2008-03,0.531
2008-04,29.936
2008-05,24.319
2008-06,22.045
2008-07,40.688
2008-08,75.706
2008-09,73.115
2008-10,4.935
2008-11,56.715
2008-12,0.187
2009-01,14.679
2009-02,0.591
2009-03,25.932
2009-04,17.919
2009-05,4.136
2009-06,3.759
2009-07,47.729
2009-08,126.197
2009-09,26.210
2009-10,36.720
2009-11,3.788
2009-12,7.273
2010-01,0.717
2010-02,37.724
2010-03,64.477
2010-04,28.410
2010-05,32.106
2010-06,6.858
2010-07,73.298
2010-08,73.823
2010-09,73.435
2010-10,1.245
2010-11,1.776
2010-12,1.779
2011-01,1.436
2011-02,1.328
2011-03,14.125
2011-04,10.587
2011-05,33.542
2011-06,9.420
2011-07,45.469
2011-08,99.262
2011-09,64.018
2011-10,0.509
2011-11,3.735
2011-12,0.421
2012-01,0.273
2012-02,0.488
2012-03,0.869
2012-04,29.665
2012-05,6.527
2012-06,15.705
2012-07,53.691
2012-08,80.804
2012-09,49.797
2012-10,12.388
2012-11,1.290
2012-12,4.119
2013-01,5.834
2013-02,1.632
2013-03,29.632
2013-04,11.148
2013-05,34.738
2013-06,46.541
2013-07,62.558
2013-08,93.874
2013-09,52.385
2013-10,47.531
2013-11,12.337
2013-12,0.733
2014-01,0.840
2014-02,13.463
2014-03,35.111
2014-04,24.572
2014-05,46.056
2014-06,5.526
2014-07,44.262
2014-08,84.736
2014-09,70.011
2014-10,82.818
2014-11,3.043
2014-12,0.827
2015-01,3.059
2015-02,0.695
2015-03,5.287
2015-04,1.498
2015-05,38.138
2015-06,42.019
2015-07,37.157
2015-08,84.910
2015-09,54.755
2015-10,1.513
2015-11,5.078
2015-12,5.064
2016-01,8.750
2016-02,1.749
2016-03,4.477
2016-04,119.389
2016-05,121.306
2016-06,16.518
2016-07,67.725
2016-08,62.573
2016-09,44.452
2016-10,2.262
2016-11,4.755
2016-12,0.725
2017-01,0.028
2017-02,17.569
2017-03,17.316
2017-04,16.179
2017-05,59.025
2017-06,3.010
2017-07,35.757
2017-08,64.126
2017-09,103.996
2017-10,4.084
2017-11,0.411
2017-12,0.033
2018-01,0.178
2018-02,8.815
2018-03,11.605
2018-04,44.388
2018-05,63.116
2018-06,17.407
2018-07,29.080
2018-08,80.914
2018-09,29.355
2018-10,24.678
2018-11,22.012
2018-12,0.427
2019-01,0.059
2019-02,1.947
2019-03,14.804
2019-04,24.578
2019-05,36.181
2019-06,19.343
2019-07,75.768
2019-08,74.777
2019-09,85.674
2019-10,41.984
2019-11,32.432
2019-12,14.382
2020-01,3.906
2020-02,2.485
2020-03,14.505
2020-04,52.958
2020-05,37.018
2020-06,19.216
2020-07,83.530
2020-08,128.259
2020-09,109.159
2020-10,5.764
2020-11,2.580
2020-12,0.552
2021-01,0.026
2021-02,7.314
2021-03,0.178
2021-04,63.830
2021-05,88.470
2021-06,2.594
2021-07,75.141
2021-08,38.635
2021-09,73.380
2021-10,23.868
2021-11,1.138
2021-12,0.033
2022-01,2.208
2022-02,0.233
2022-03,0.763
2022-04,30.926
2022-05,0.147
2022-06,13.625
2022-07,86.519
2022-08,105.858
2022-09,112.503
2022-10,17.153
2022-11,3.975
2022-12,1.532
2023-01,2.341
2023-02,0.399
2023-03,91.373
2023-04,95.145
2023-05,58.977
2023-06,11.966
2023-07,39.585
2023-08,76.414
2023-09,33.559
2023-10,55.899
2023-11,27.111
2023-12,0.129
2024-01,1.025
2024-02,1.441
2024-03,34.092
2024-04,23.132
2024-05,9.661
2024-06,10.885
2024-07,81.338
2024-08,102.077
2024-09,43.814
2024-10,18.467
2024-11,5.413
2024-12,0.027
2025-01,0.096
2025-02,0.046
2025-03,34.048
2025-04,18.175
2025-05,8.316
2025-06,1.633
2025-07,37.560
2025-08,71.499
2025-09,75.421
2025-10,0.895
2025-11,0.022
2025-12,1.598
